Date,Open,High,Low,Close,Adj Close,Volume
1/1/1962,0.751202,0.763722,0.691106,0.751202,0.001794,39896200
2/1/1962,0.751202,0.78125,0.736178,0.747446,0.001786,28464400
3/1/1962,0.751202,0.786258,0.751202,0.769982,0.001839,28883600
4/1/1962,0.76873,0.76873,0.676082,0.686098,0.001649,34395100
5/1/1962,0.686098,0.723658,0.600962,0.658554,0.001583,60642800
6/1/1962,0.658554,0.664814,0.543369,0.595954,0.001433,50249800
7/1/1962,0.595954,0.667318,0.592198,0.664814,0.001611,34854100
8/1/1962,0.664814,0.69987,0.644782,0.686098,0.001662,32457700
9/1/1962,0.686098,0.68735,0.620994,0.639774,0.00155,27306300
10/1/1962,0.639774,0.686098,0.63101,0.678586,0.001656,35533100
11/1/1962,0.678586,0.75621,0.672326,0.748698,0.001827,36871200
12/1/1962,0.748698,0.777494,0.742438,0.76873,0.001876,29143200
1/1/1963,0.76873,0.795022,0.757462,0.783754,0.001925,37719400
2/1/1963,0.783754,0.792518,0.727414,0.728666,0.00179,24411000
3/1/1963,0.729918,0.752454,0.71865,0.747446,0.001836,24930200
4/1/1963,0.747446,0.801282,0.728666,0.788762,0.001951,38827600
5/1/1963,0.791266,0.84385,0.791266,0.841346,0.002081,38308800
6/1/1963,0.841346,0.845102,0.778746,0.791266,0.001957,23642100
7/1/1963,0.790014,0.810046,0.76247,0.782502,0.001948,24001600
8/1/1963,0.782502,0.822566,0.779998,0.816306,0.002032,21545400
9/1/1963,0.816306,0.838842,0.792518,0.795022,0.001979,30221400
10/1/1963,0.795022,0.853866,0.776242,0.838842,0.002101,35842800
11/1/1963,0.838842,0.842598,0.751202,0.826322,0.002069,24690500
12/1/1963,0.826322,0.876402,0.820062,0.872646,0.002185,36781000
1/1/1964,0.872646,0.88141,0.846354,0.880158,0.002219,29672400
2/1/1964,0.88141,0.898938,0.846354,0.857622,0.002162,27995200
3/1/1964,0.860126,0.91271,0.848858,0.873898,0.002203,43770000
4/1/1964,0.87515,0.892678,0.823818,0.82507,0.002093,33117000
5/1/1964,0.826322,0.845102,0.80629,0.811298,0.002058,36761100
6/1/1964,0.811298,0.81255,0.788762,0.798778,0.002026,41453800
7/1/1964,0.80003,0.858874,0.80003,0.835086,0.002133,49290900
8/1/1964,0.835086,0.847606,0.811298,0.841346,0.002149,36321500
9/1/1964,0.841346,0.90019,0.836338,0.895182,0.002287,35692800
10/1/1964,0.895182,0.901442,0.845102,0.876402,0.002253,30181400
11/1/1964,0.876402,0.93775,0.872646,0.927734,0.002385,35772600
12/1/1964,0.926482,0.933994,0.89393,0.933994,0.002401,33077000
1/1/1965,0.928986,0.997847,0.911458,0.995343,0.002574,39327100
2/1/1965,0.994091,1.006611,0.947766,1.000351,0.002587,39826300
3/1/1965,1.000351,1.045423,0.984075,0.996595,0.002577,36961000
4/1/1965,1.000351,1.044171,0.997847,1.044171,0.002715,27066600
5/1/1965,1.047927,1.069211,1.006611,1.035407,0.002692,24800400
6/1/1965,1.035407,1.040415,0.916466,0.960286,0.002497,45696800
7/1/1965,0.960286,1.016627,0.959034,1.007863,0.002636,28045100
8/1/1965,1.007863,1.067959,0.999099,1.047927,0.002741,28744000
9/1/1965,1.047927,1.204427,1.031651,1.171875,0.003065,41952900
10/1/1965,1.171875,1.196915,1.151843,1.184395,0.003115,36312200
11/1/1965,1.184395,1.186899,1.126803,1.139323,0.002997,29233100
12/1/1965,1.139323,1.198167,1.121795,1.181891,0.003109,37819500
1/1/1966,1.180639,1.201923,1.144331,1.149339,0.00304,30940300
2/1/1966,1.148087,1.150591,1.087991,1.091747,0.002888,37140500
3/1/1966,1.089243,1.118039,1.062951,1.096755,0.002901,46894800
4/1/1966,1.096755,1.188151,1.077975,1.150591,0.003062,35812700
5/1/1966,1.148087,1.148087,1.024139,1.042919,0.002776,34275100
6/1/1966,1.042919,1.154347,1.041667,1.062951,0.002829,30830600
7/1/1966,1.064203,1.109275,0.951522,0.95653,0.002562,32507600
8/1/1966,0.93775,0.971554,0.836338,0.851362,0.00228,58296800
9/1/1966,0.851362,0.908954,0.801282,0.851362,0.00228,61301900
10/1/1966,0.851362,0.966546,0.828826,0.955278,0.002578,46425600
11/1/1966,0.955278,0.999099,0.951522,0.981571,0.002649,36900900
12/1/1966,0.981571,1.002855,0.84385,0.886418,0.002393,53394300
1/1/1967,0.891426,0.916466,0.847606,0.880158,0.002391,59145000
2/1/1967,0.880158,0.905198,0.826322,0.863882,0.002347,58446100
3/1/1967,0.863882,0.94401,0.846354,0.85011,0.00231,71165800
4/1/1967,0.85011,0.951522,0.838842,0.95027,0.002601,70646700
5/1/1967,0.95027,0.951522,0.85637,0.861378,0.002358,53224500
6/1/1967,0.861378,0.916466,0.838842,0.870142,0.002382,53134800
7/1/1967,0.870142,1.089243,0.858874,1.081731,0.002984,70736500
8/1/1967,1.081731,1.106771,1.014123,1.094251,0.003023,52246500
9/1/1967,1.092999,1.156851,1.071715,1.123047,0.003103,33616000
10/1/1967,1.123047,1.160607,1.056691,1.061699,0.002933,38797800
11/1/1967,1.057943,1.081731,0.975311,1.042919,0.002881,50518800
12/1/1967,1.042919,1.049179,0.923978,0.961538,0.002657,63498200
1/1/1968,0.961538,1.001603,0.873898,0.880158,0.002447,51717100
2/1/1968,0.880158,0.915214,0.861378,0.870142,0.002419,46585400
3/1/1968,0.871394,0.901442,0.848858,0.865134,0.002423,42941200
4/1/1968,0.878906,0.967798,0.878906,0.960286,0.00269,60423200
5/1/1968,0.960286,0.979066,0.866386,0.882662,0.002473,63647900
6/1/1968,0.888922,0.916466,0.858874,0.863882,0.002438,73791800
7/1/1968,0.863882,0.888922,0.83133,0.845102,0.002385,87200200
8/1/1968,0.845102,0.855118,0.803786,0.842598,0.002378,60593000
9/1/1968,0.842598,0.89393,0.828826,0.853866,0.00241,61701300
10/1/1968,0.853866,0.981571,0.851362,0.951522,0.002685,99220900
11/1/1968,0.951522,1.005359,0.936498,0.997847,0.002816,58226700
12/1/1968,0.997847,0.999099,0.93149,0.940254,0.002654,50938500
1/1/1969,0.942758,0.964042,0.891426,0.928986,0.002639,63957400
2/1/1969,0.92523,0.930238,0.852614,0.866386,0.002461,62010700
3/1/1969,0.866386,0.93149,0.858874,0.923978,0.002645,62959000
4/1/1969,0.923978,0.979066,0.888922,0.979066,0.002802,61571300
5/1/1969,0.979066,0.984075,0.936498,0.94401,0.002702,61132200
6/1/1969,0.941506,0.941506,0.885166,0.901442,0.00258,61631100
7/1/1969,0.901442,0.913962,0.833834,0.86263,0.002487,53324500
8/1/1969,0.86263,0.883914,0.813802,0.838842,0.002418,57867400
9/1/1969,0.838842,0.867638,0.811298,0.851362,0.002454,65115700
10/1/1969,0.851362,0.90019,0.82507,0.842598,0.002448,77965000
11/1/1969,0.842598,0.857622,0.801282,0.802534,0.002331,57707400
12/1/1969,0.802534,0.808794,0.742438,0.776242,0.002255,88598000
1/1/1970,0.776242,0.777494,0.72491,0.72491,0.002124,84564400
2/1/1970,0.727414,0.739934,0.677334,0.70613,0.002069,83336500
3/1/1970,0.709886,0.759966,0.691106,0.738682,0.002164,93140700
4/1/1970,0.739934,0.771234,0.697366,0.713642,0.00211,82508000
5/1/1970,0.713642,0.717398,0.603466,0.664814,0.001965,79612400
6/1/1970,0.664814,0.711138,0.651042,0.676082,0.001999,77625300
7/1/1970,0.676082,0.78125,0.66857,0.769982,0.002299,76857000
8/1/1970,0.763722,0.801282,0.734926,0.786258,0.002347,67931100
9/1/1970,0.786258,0.870142,0.767478,0.845102,0.002523,66154100
10/1/1970,0.845102,0.87515,0.826322,0.861378,0.002592,72703400
11/1/1970,0.861378,0.891426,0.845102,0.885166,0.002664,71725100
12/1/1970,0.885166,0.946514,0.870142,0.940254,0.00283,93150700
1/1/1971,0.940254,1.065455,0.93149,0.994091,0.003014,91733100
2/1/1971,0.994091,1.086739,0.992839,1.082983,0.003284,108905500
3/1/1971,1.081731,1.131811,1.071715,1.121795,0.003401,91822600
4/1/1971,1.121795,1.245743,1.113031,1.230719,0.003754,95886400
5/1/1971,1.229467,1.244491,1.151843,1.200671,0.003663,74470600
6/1/1971,1.200671,1.240735,1.156851,1.216947,0.003712,65789700
7/1/1971,1.216947,1.236979,1.059195,1.069211,0.003281,101452500
8/1/1971,1.069211,1.267027,1.064203,1.241987,0.003811,108980300
9/1/1971,1.241987,1.319611,1.196915,1.231971,0.00378,53284700
10/1/1971,1.231971,1.297075,1.149339,1.166867,0.0036,61012100
11/1/1971,1.166867,1.199419,1.101763,1.196915,0.003693,77600600
12/1/1971,1.204427,1.332131,1.194411,1.254507,0.003871,73746800
1/1/1972,1.254507,1.302083,1.216947,1.241987,0.003854,88098700
2/1/1972,1.241987,1.246995,1.166867,1.214443,0.003769,86111900
3/1/1972,1.216947,1.302083,1.216947,1.294571,0.004017,86436500
4/1/1972,1.294571,1.419772,1.284555,1.354667,0.004228,60438100
5/1/1972,1.354667,1.407252,1.282051,1.377204,0.004299,48212700
6/1/1972,1.377204,1.394732,1.304587,1.317107,0.004111,44553600
7/1/1972,1.317107,1.357171,1.252003,1.262019,0.00396,53354500
8/1/1972,1.262019,1.402244,1.257011,1.332131,0.004179,59749000
9/1/1972,1.332131,1.349659,1.277043,1.329627,0.004172,29407800
10/1/1972,1.329627,1.332131,1.239483,1.279547,0.004036,66019200
11/1/1972,1.279547,1.367188,1.274539,1.359676,0.004289,55051900
12/1/1972,1.36218,1.46234,1.344651,1.459836,0.004629,62739600
1/1/1973,1.467348,1.519932,1.367188,1.402244,0.004446,72603500
2/1/1973,1.402244,1.444812,1.304587,1.339643,0.004248,64696300
3/1/1973,1.339643,1.377204,1.246995,1.292067,0.004119,65549900
4/1/1973,1.287059,1.299579,1.156851,1.186899,0.003783,71894800
5/1/1973,1.186899,1.262019,1.101763,1.191907,0.003799,93959300
6/1/1973,1.181891,1.236979,1.111779,1.149339,0.003664,62375100
7/1/1973,1.149339,1.299579,1.116787,1.257011,0.00403,79697500
8/1/1973,1.257011,1.262019,1.151843,1.184395,0.003798,88627800
9/1/1973,1.186899,1.314603,1.124299,1.262019,0.004073,91054100
10/1/1973,1.259515,1.374699,1.239483,1.309595,0.004227,76747100
11/1/1973,1.309595,1.36218,1.214443,1.264523,0.004082,72189400
12/1/1973,1.264523,1.267027,1.141827,1.262019,0.004099,76812000
1/1/1974,1.257011,1.302083,1.181891,1.199419,0.003896,65689700
2/1/1974,1.199419,1.199419,1.071715,1.134315,0.003684,57982200
3/1/1974,1.134315,1.144331,1.016627,1.086739,0.003554,102610700
4/1/1974,1.086739,1.121795,1.006611,1.021635,0.003342,52535400
5/1/1974,1.024139,1.081731,0.936498,0.966546,0.003161,80455900
6/1/1974,0.966546,1.021635,0.954026,0.986579,0.003227,53738700
7/1/1974,0.986579,0.996595,0.858874,0.861378,0.002841,64801400
8/1/1974,0.861378,0.941506,0.701122,0.758714,0.002502,59354500
9/1/1974,0.758714,0.773738,0.600962,0.626002,0.002065,75004500
10/1/1974,0.626002,0.778746,0.610978,0.766226,0.002559,100439000
11/1/1974,0.766226,0.811298,0.666066,0.74369,0.002484,73801500
12/1/1974,0.736178,0.736178,0.615986,0.66857,0.002233,72174400
1/1/1975,0.66857,0.796274,0.648538,0.773738,0.002613,109289800
2/1/1975,0.773738,0.913962,0.763722,0.883914,0.002985,104372600
3/1/1975,0.883914,0.991587,0.866386,0.921474,0.003141,99560500
4/1/1975,0.921474,0.981571,0.886418,0.921474,0.003141,93525100
5/1/1975,0.93149,0.971554,0.891426,0.908954,0.003098,90789500
6/1/1975,0.916466,1.059195,0.891426,1.054187,0.003593,83311400
7/1/1975,1.054187,1.056691,0.93149,0.946514,0.003253,88942500
8/1/1975,0.94401,0.949018,0.828826,0.926482,0.003185,60942200
9/1/1975,0.926482,0.941506,0.841346,0.88141,0.00303,64057400
10/1/1975,0.88141,0.986579,0.846354,0.964042,0.003345,74221100
11/1/1975,0.961538,1.001603,0.941506,0.966546,0.003354,47204400
12/1/1975,0.966546,0.976563,0.903946,0.923978,0.003206,73612000
1/1/1976,0.923978,1.136819,0.921474,1.121795,0.003925,133460800
2/1/1976,1.119291,1.119291,1.019131,1.069211,0.003741,106374600
3/1/1976,1.069211,1.086739,0.996595,1.051683,0.003679,120651800
4/1/1976,1.051683,1.121795,1.026643,1.076723,0.003796,100279100
5/1/1976,1.076723,1.081731,0.999099,1.019131,0.003593,79612500
6/1/1976,1.019131,1.166867,1.014123,1.144331,0.004034,122748100
7/1/1976,1.144331,1.186899,1.066707,1.091747,0.003878,97568500
8/1/1976,1.091747,1.134315,1.044171,1.061699,0.003772,71724900
9/1/1976,1.061699,1.141827,1.049179,1.084235,0.003852,94793100
10/1/1976,1.084235,1.091747,1.004107,1.069211,0.00383,142017300
11/1/1976,1.069211,1.076723,1.004107,1.014123,0.003633,95007800
12/1/1976,1.014123,1.116787,1.014123,1.114283,0.003991,203788400
1/1/1977,1.101763,1.119291,1.046675,1.059195,0.003826,130635700
2/1/1977,1.059195,1.069211,0.996595,1.011619,0.003654,106349700
3/1/1977,1.014123,1.051683,0.981571,0.984075,0.003555,114401500
4/1/1977,0.984075,1.089243,0.959034,1.079227,0.003934,176586900
5/1/1977,1.079227,1.114283,1.046675,1.086739,0.003961,119852800
6/1/1977,1.086739,1.146835,1.081731,1.131811,0.004125,128324400
7/1/1977,1.131811,1.131811,1.081731,1.089243,0.00401,111701100
8/1/1977,1.089243,1.109275,1.034155,1.069211,0.003937,111376500
9/1/1977,1.069211,1.104267,1.009115,1.026643,0.00378,95122200
10/1/1977,1.029147,1.039163,0.981571,1.004107,0.003735,107981800
11/1/1977,0.999099,1.056691,0.979066,1.004107,0.003735,95711900
12/1/1977,1.004107,1.011619,0.949018,0.999099,0.003758,146000900
1/1/1978,0.994091,0.994091,0.901442,0.916466,0.003447,147778100
2/1/1978,0.916466,0.961538,0.886418,0.896434,0.003409,106114700
3/1/1978,0.89393,0.959034,0.873898,0.933994,0.003552,110148500
4/1/1978,0.933994,1.071715,0.91897,1.046675,0.003981,189221700
5/1/1978,1.046675,1.096755,0.999099,1.059195,0.004028,163363400
6/1/1978,1.059195,1.099259,0.986579,1.011619,0.003848,123002900
7/1/1978,1.009115,1.091747,0.999099,1.074219,0.004136,116593300
8/1/1978,1.074219,1.154347,1.066707,1.086739,0.004185,168889400
9/1/1978,1.086739,1.106771,1.036659,1.059195,0.004079,166343500
10/1/1978,1.061699,1.079227,0.921474,0.951522,0.003708,158071500
11/1/1978,0.971554,1.021635,0.933994,0.94401,0.003679,123267600
12/1/1978,0.954026,0.991587,0.916466,0.94401,0.003729,86651300
1/1/1979,0.94401,1.009115,0.936498,0.966546,0.003818,123786900
2/1/1979,0.966546,0.989083,0.911458,0.921474,0.00364,119743100
3/1/1979,0.921474,0.994091,0.916466,0.961538,0.003852,141962700
4/1/1979,0.951522,0.996595,0.939002,0.984075,0.003943,118500100
5/1/1979,0.984075,1.034155,0.971554,0.984075,0.003943,127955200
6/1/1979,0.984075,1.016627,0.961538,1.001603,0.00407,111526200
7/1/1979,1.001603,1.041667,0.984075,1.034155,0.004202,129512300
8/1/1979,1.034155,1.136819,1.021635,1.066707,0.004335,128663800
9/1/1979,1.066707,1.069211,1.004107,1.016627,0.004131,124515500
10/1/1979,1.011619,1.046675,0.921474,0.96905,0.003992,152001400
11/1/1979,0.96905,0.974059,0.901442,0.923978,0.003806,134060300
12/1/1979,0.923978,1.021635,0.916466,1.014123,0.00424,160078500
1/1/1980,1.014123,1.151843,0.959034,1.101763,0.004607,227086000
2/1/1980,1.101763,1.129307,0.979066,1.006611,0.004209,186865800
3/1/1980,1.006611,1.016627,0.88141,0.964042,0.004088,198896200
4/1/1980,0.964042,0.976563,0.891426,0.951522,0.004035,133860100
5/1/1980,0.951522,1.006611,0.916466,0.991587,0.004205,159783900
6/1/1980,0.991587,1.041667,0.89393,1.031651,0.004443,193629600
7/1/1980,1.031651,1.126803,1.024139,1.126803,0.004852,163517800
8/1/1980,1.124299,1.164363,1.081731,1.091747,0.004702,215305000
9/1/1980,1.091747,1.119291,1.044171,1.054187,0.00454,204996500
10/1/1980,1.054187,1.116787,1.031651,1.084235,0.004735,217886100
11/1/1980,1.084235,1.262019,1.081731,1.239483,0.005413,272019200
12/1/1980,1.221955,1.231971,1.111779,1.226963,0.005359,178533800
1/1/1981,1.229467,1.292067,1.184395,1.226963,0.005426,228718700
2/1/1981,1.226963,1.357171,1.199419,1.337139,0.005914,187279900
3/1/1981,1.324619,1.384716,1.302083,1.342147,0.005936,237269600
4/1/1981,1.344651,1.39974,1.304587,1.314603,0.00588,174575000
5/1/1981,1.314603,1.337139,1.246995,1.317107,0.005891,182702300
6/1/1981,1.317107,1.339643,1.234475,1.239483,0.005544,202949700
7/1/1981,1.239483,1.277043,1.184395,1.221955,0.005532,180306200
8/1/1981,1.221955,1.229467,1.106771,1.119291,0.005068,151167800
9/1/1981,1.119291,1.139323,1.024139,1.099259,0.004977,241597800
10/1/1981,1.099259,1.156851,1.064203,1.086739,0.004993,144383500
11/1/1981,1.101763,1.209435,1.101763,1.209435,0.005557,177515700
12/1/1981,1.206931,1.206931,1.141827,1.149339,0.005281,170262100
1/1/1982,1.166867,1.254507,1.101763,1.252003,0.00583,203518800
2/1/1982,1.239483,1.277043,1.179387,1.259515,0.005865,223327200
3/1/1982,1.264523,1.282051,1.181891,1.269531,0.005911,290809000
4/1/1982,1.282051,1.329627,1.262019,1.284555,0.006059,194358400
5/1/1982,1.289563,1.327123,1.231971,1.239483,0.005846,200818100
6/1/1982,1.239483,1.287059,1.201923,1.274539,0.006012,267017000
7/1/1982,1.274539,1.39974,1.259515,1.317107,0.006299,281404100
8/1/1982,1.339643,1.519932,1.259515,1.507412,0.007209,517181200
9/1/1982,1.497396,1.590044,1.472356,1.497396,0.007161,388227600
10/1/1982,1.522436,1.73778,1.494892,1.720252,0.008318,418000100
11/1/1982,1.735276,1.888021,1.705228,1.852965,0.00896,345486200
12/1/1982,1.847957,2.003205,1.825421,1.900541,0.009279,308451000
1/1/1983,1.870493,2.073317,1.817909,2.073317,0.010122,387618800
2/1/1983,2.048277,2.19351,1.988181,2.173478,0.010611,311161200
3/1/1983,2.203526,2.228566,2.033253,2.103365,0.010269,320126900
4/1/1983,2.103365,2.258614,2.058293,2.241086,0.011026,238687500
5/1/1983,2.216046,2.25611,2.068309,2.070813,0.010188,313932000
6/1/1983,2.075821,2.313702,2.075821,2.203526,0.010841,328214000
7/1/1983,2.203526,2.203526,1.963141,1.998197,0.009916,256656300
8/1/1983,1.973157,2.053285,1.842949,2.048277,0.010164,379811300
9/1/1983,2.043269,2.138422,1.963141,2.113381,0.010487,247311000
10/1/1983,2.103365,2.248598,2.038261,2.073317,0.010382,268305000
11/1/1983,2.078325,2.328726,2.043269,2.288662,0.01146,272119000
12/1/1983,2.273638,2.358774,2.203526,2.348758,0.011863,230600300
1/1/1984,2.338742,2.363782,2.133414,2.178486,0.011003,248399100
2/1/1984,2.178486,2.24359,2.043269,2.083333,0.010523,339046700
3/1/1984,2.058293,2.223558,1.953125,2.198518,0.011104,313595000
4/1/1984,2.198518,2.253606,2.053285,2.223558,0.01134,267448700
5/1/1984,2.233574,2.263622,2.023237,2.128405,0.010855,271674500
6/1/1984,2.108373,2.183494,2.093349,2.108373,0.010752,234274700
7/1/1984,2.108373,2.123397,1.933093,2.103365,0.010829,289825600
8/1/1984,2.103365,2.378806,2.103365,2.26863,0.01168,381319000
9/1/1984,2.253606,2.378806,2.203526,2.233574,0.011499,339922600
10/1/1984,2.213542,2.358774,2.133414,2.303686,0.011967,261673200
11/1/1984,2.303686,2.358774,2.203526,2.21855,0.011525,296979100
12/1/1984,2.21855,2.298678,2.123397,2.26863,0.011902,229676900
1/1/1985,2.258614,2.614183,2.228566,2.559095,0.013426,398658600
2/1/1985,2.514022,2.614183,2.453926,2.549078,0.013373,264942700
3/1/1985,2.559095,2.599159,2.338742,2.36879,0.012535,384136900
4/1/1985,2.363782,2.458934,2.338742,2.36879,0.012535,267681200
5/1/1985,2.333734,2.473958,2.323718,2.428886,0.012853,366467600
6/1/1985,2.44391,2.514022,2.36879,2.478966,0.013239,292291900
7/1/1985,2.473958,2.574119,2.413862,2.569111,0.01372,277525200
8/1/1985,2.579127,2.584135,2.39383,2.44391,0.013052,199140800
9/1/1985,2.448918,2.483974,2.273638,2.303686,0.012303,280393200
10/1/1985,2.303686,2.483974,2.253606,2.308694,0.012445,319974700
11/1/1985,2.308694,2.674279,2.308694,2.629207,0.014173,341750000
12/1/1985,2.584135,2.959736,2.579127,2.914664,0.015712,451202000
1/1/1986,2.884615,2.969752,2.664263,2.839543,0.019624,318844100
2/1/1986,2.849559,3.160056,2.844551,3.104968,0.021458,311955000
3/1/1986,3.104968,3.180088,2.94972,3.145032,0.026681,383690200
4/1/1986,3.165064,3.305289,2.864583,3.130008,0.026554,408004000
5/1/1986,3.119992,3.270232,3.009816,3.195112,0.027106,367231400
6/1/1986,3.205128,3.310297,3.165064,3.245192,0.027531,377437500
7/1/1986,3.230168,3.305289,2.854567,2.92468,0.030296,412581300
8/1/1986,2.929688,3.180088,2.859575,3.15004,0.03263,310050600
9/1/1986,3.165064,3.195112,2.844551,2.879607,0.029829,467593100
10/1/1986,2.894631,3.104968,2.829527,3.054888,0.039413,381955400
11/1/1986,3.079928,3.360377,2.989784,3.32532,0.042902,407317400
12/1/1986,3.285256,3.555689,3.265224,3.445513,0.044452,582424200
1/1/1987,3.460537,4.166667,3.460537,4.016426,0.063812,712777700
2/1/1987,4.021434,4.176682,3.866186,4.141627,0.065801,533842100
3/1/1987,4.151643,4.472156,4.086538,4.201723,0.066756,525163500
4/1/1987,4.151643,4.522235,3.976362,4.146635,0.077674,644582000
5/1/1987,4.13161,4.306891,3.936298,4.166667,0.078049,489732600
6/1/1987,4.226763,4.497196,4.106571,4.356971,0.081614,426288000
7/1/1987,4.356971,4.767628,4.296875,4.747596,0.096423,371820400
8/1/1987,4.667468,5.31851,4.607372,5.008013,0.101713,474377300
9/1/1987,5.038061,5.078125,4.58734,4.927885,0.100085,510294700
10/1/1987,4.927885,5.028045,3.104968,3.796074,0.082537,851412000
11/1/1987,3.645833,3.826122,3.295272,3.395433,0.073826,471145000
12/1/1987,3.365385,3.796074,3.125,3.535657,0.076875,528707500
1/1/1988,3.575721,3.836138,3.385417,3.615785,0.087629,392336200
2/1/1988,3.635817,3.665865,3.32532,3.645833,0.088357,397373200
3/1/1988,3.635817,3.655849,3.205128,3.235176,0.078405,452426000
4/1/1988,3.235176,3.435497,3.125,3.235176,0.086812,428960200
5/1/1988,3.22516,3.385417,3.07492,3.365385,0.090306,334670900
6/1/1988,3.365385,3.565705,3.345353,3.515625,0.094338,402506200
7/1/1988,3.535657,3.585737,3.245192,3.425481,0.102353,305103700
8/1/1988,3.405449,3.455529,3.125,3.235176,0.096667,333815100
9/1/1988,3.215144,3.525641,3.155048,3.475561,0.103849,344383200
10/1/1988,3.475561,3.625801,3.415465,3.495593,0.116189,316646300
11/1/1988,3.495593,3.665865,3.375401,3.605769,0.119852,363440200
12/1/1988,3.605769,3.735978,3.485577,3.585737,0.119186,350599300
1/1/1989,3.575721,3.886218,3.485577,3.876202,0.145543,426338100
2/1/1989,3.876202,3.926282,3.615785,3.665865,0.137645,309547700
3/1/1989,3.655849,3.735978,3.505609,3.565705,0.133884,372269800
4/1/1989,3.575721,3.946314,3.565705,3.916266,0.165524,322509300
5/1/1989,3.886218,4.407051,3.766026,4.377003,0.184997,530623300
6/1/1989,4.377003,4.507212,4.116587,4.136619,0.174837,393159900
7/1/1989,4.156651,4.6875,4.116587,4.6875,0.218348,318897700
8/1/1989,4.6875,4.73758,4.457131,4.617388,0.215082,378404800
9/1/1989,4.597356,4.6875,4.387019,4.527244,0.210883,297765400
10/1/1989,4.557292,4.747596,4.226763,4.437099,0.227272,433776000
11/1/1989,4.437099,4.987981,4.226763,4.967949,0.254463,364745600
12/1/1989,4.987981,5.188301,4.937901,5.168269,0.264723,315510500
1/1/1990,5.178285,5.36859,4.867788,4.987981,0.281555,490665100
2/1/1990,4.987981,5.108173,4.817708,4.947917,0.279293,329398300
3/1/1990,4.937901,5.228365,4.897837,5.148237,0.320909,382448200
4/1/1990,5.118189,5.388622,5.098157,5.128205,0.31966,299433800
5/1/1990,5.148237,5.61899,5.148237,5.51883,0.34401,396600600
6/1/1990,5.578926,5.699119,5.46875,5.548878,0.377768,297348500
7/1/1990,5.558894,6.049679,5.558894,5.739182,0.390724,385764400
8/1/1990,5.729167,5.779247,4.627404,4.967949,0.338218,572294400
9/1/1990,4.917869,4.997997,4.026443,4.366987,0.297305,456764200
10/1/1990,4.366987,4.597356,4.00641,4.166667,0.31671,541741700
11/1/1990,4.136619,4.507212,4.106571,4.387019,0.333459,388124400
12/1/1990,4.387019,4.6875,4.356971,4.597356,0.349447,335155400
1/1/1991,4.577324,5.138221,4.246795,5.128205,0.441073,496414800
2/1/1991,5.108173,5.689103,5.068109,5.448718,0.46864,495573300
3/1/1991,5.398638,5.649038,5.248397,5.578926,0.528308,356838200
4/1/1991,5.578926,6.069712,5.56891,5.669071,0.536844,359118600
5/1/1991,5.689103,6.19992,5.578926,6.189904,0.586166,309236900
6/1/1991,6.169872,6.219952,5.839343,5.929487,0.612462,272509700
7/1/1991,5.969551,6.069712,5.719151,5.869391,0.606255,328281500
8/1/1991,5.879407,6.059696,5.51883,5.999599,0.619704,348995700
9/1/1991,5.999599,6.039663,5.398638,5.558894,0.574183,340174800
10/1/1991,5.588943,5.809295,5.228365,5.528846,0.628652,385147800
11/1/1991,5.56891,5.649038,5.158253,5.188301,0.58993,334994200
12/1/1991,5.128205,6.260016,4.967949,6.129807,0.696983,472800900
1/1/1992,6.059696,6.470353,5.899439,6.029647,0.765446,439237500
2/1/1992,6.009615,6.470353,5.999599,6.30008,0.799776,293454900
3/1/1992,6.30008,6.40024,6.059696,6.069712,0.770531,272035200
4/1/1992,6.049679,6.35016,5.829327,6.139824,0.853028,344228400
5/1/1992,6.119792,6.380208,6.019631,6.119792,0.850245,247773900
6/1/1992,6.129807,6.360176,5.989583,6.229968,0.865553,240524500
7/1/1992,6.260016,6.310096,5.989583,6.129807,0.935667,261068000
8/1/1992,6.119792,6.159856,5.849359,5.929487,0.905089,235262900
9/1/1992,5.919471,6.390224,5.889423,6.270032,0.95707,268049100
10/1/1992,6.290064,6.290064,5.859375,6.14984,1.034234,249415400
11/1/1992,6.159856,6.710737,6.159856,6.670673,1.121823,267812000
12/1/1992,6.610577,7.011218,6.520432,6.850962,1.152142,268161300
1/1/1993,6.860978,6.991186,6.610577,6.901042,1.28135,264863200
2/1/1993,6.891026,7.03125,6.480369,6.740785,1.251593,291260800
3/1/1993,6.770833,7.291667,6.670673,7.141426,1.325982,314400100
4/1/1993,7.171474,7.692307,7.071314,7.261619,1.484556,303674400
5/1/1993,7.261619,7.622196,7.111378,7.431891,1.519366,273038700
6/1/1993,7.451923,7.722356,7.431891,7.672276,1.568511,276702600
7/1/1993,7.672276,8.082932,7.572115,7.892628,1.760533,276927700
8/1/1993,7.892628,8.032852,7.692307,7.872596,1.756065,220211900
9/1/1993,7.872596,7.91266,7.572115,7.682292,1.713616,249324400
10/1/1993,7.672276,7.922676,7.592147,7.772436,1.883393,202146100
11/1/1993,7.76242,7.992788,7.431891,7.882612,1.91009,262047400
12/1/1993,7.91266,8.573718,7.832532,8.403445,2.036296,312974700
1/1/1994,8.383413,8.774038,8.223157,8.633814,2.285292,322590600
2/1/1994,8.613782,8.79407,8.383413,8.44351,2.234921,239226600
3/1/1994,8.453526,8.533654,7.742388,8.01282,2.120921,336858900
4/1/1994,7.772436,7.982772,7.532051,7.632212,2.207674,320823400
5/1/1994,7.632212,7.992788,7.421875,7.972756,2.306178,308639000
6/1/1994,7.952724,8.072917,7.211538,7.471955,2.161317,348036600
7/1/1994,7.572115,8.112981,7.411859,8.072917,2.451185,224639300
8/1/1994,8.052885,8.213141,7.451923,7.972756,2.420772,344393100
9/1/1994,8.01282,8.233173,7.71234,7.71234,2.341702,240828600
10/1/1994,7.752404,8.173077,7.471955,7.832532,2.492876,327479000
11/1/1994,7.8125,7.992788,7.271635,7.371795,2.346236,257532200
12/1/1994,7.391827,8.313301,7.271635,8.173077,2.601264,310450200
1/1/1995,8.133013,8.493589,7.992788,8.253205,2.766869,248592000
2/1/1995,8.273237,8.974359,8.133013,8.774038,2.941478,254081600
3/1/1995,8.673879,8.874199,8.333333,8.653846,2.901184,283535100
4/1/1995,8.713943,9.114583,8.553686,8.974359,3.15604,222390600
5/1/1995,8.974359,9.495193,8.934295,9.294871,3.268758,323064800
6/1/1995,9.274839,9.354968,8.894231,9.034455,3.177176,301028200
7/1/1995,9.054487,9.695513,9.034455,9.455129,3.484216,270880300
8/1/1995,9.455129,9.535256,9.114583,9.435096,3.476835,228629800
9/1/1995,9.415064,10.35657,9.354968,10.216346,3.764726,279259300
10/1/1995,10.176282,10.456731,9.755609,10.136218,3.890021,255511000
11/1/1995,10.096154,10.917468,9.895833,10.757212,4.128344,247085300
12/1/1995,10.817307,11.71875,10.817307,11.538462,4.428166,299229900
1/1/1996,11.438301,12.29968,11.13782,12.29968,4.916034,321780700
2/1/1996,12.239583,12.900641,12.079327,12.099359,4.83597,306384300
3/1/1996,12.199519,12.740385,11.798879,12.479968,4.988093,300166100
4/1/1996,12.580129,12.920673,11.879006,12.379807,5.140065,301892500
5/1/1996,12.359776,13.721955,11.818911,13.261218,5.506025,337355600
6/1/1996,13.221154,14.122596,13.120994,13.902244,5.772176,312442900
7/1/1996,13.922276,14.082532,12.479968,13.181089,5.472757,313467800
8/1/1996,13.161057,13.942307,13.161057,13.321314,5.720334,235329800
9/1/1996,13.181089,14.743589,13.100962,14.583333,6.262263,280237700
10/1/1996,14.583333,15.625,14.503205,15.504807,6.873676,252712500
11/1/1996,15.544871,17.007212,15.42468,16.666666,7.388759,282889200
12/1/1996,16.566507,16.80689,15.184295,15.845352,7.024651,425290300
1/1/1997,15.82532,17.287661,15.364583,16.586538,7.591916,435968800
2/1/1997,16.646635,17.367788,16.346153,16.486378,7.546073,301595400
3/1/1997,16.346153,17.1875,15.745193,15.905449,7.28017,323931700
4/1/1997,15.82532,17.988783,15.564904,17.788462,8.406013,383528600
5/1/1997,17.728365,20.272436,17.48798,19.350962,9.14438,380800400
6/1/1997,19.551283,21.875,19.190704,20.833334,9.844876,274855600
7/1/1997,21.133814,23.91827,20.993589,22.475962,10.621107,307024400
8/1/1997,22.435898,22.616186,19.651442,20.052084,9.592751,379244600
9/1/1997,20.512821,23.03686,20.352564,21.814903,10.436074,311158500
10/1/1997,21.955128,23.076923,18.910257,20.71314,10.030724,375629100
11/1/1997,21.193911,23.958334,21.053686,23.677885,11.466458,270273600
12/1/1997,23.858173,24.539263,22.536058,23.517628,11.388846,269527700
1/1/1998,23.497597,24.959936,22.516026,24.839743,12.190238,294193700
2/1/1998,25.080128,25.30048,24.379007,24.919872,12.229559,232231500
3/1/1998,24.919872,28.084936,24.118589,27.624199,13.556725,278662800
4/1/1998,27.483974,28.665865,25.861378,27.303686,13.565811,266070700
5/1/1998,27.383814,27.64423,25.961538,26.722757,13.277184,236672700
6/1/1998,26.722757,29.487179,25.921474,29.126602,14.471535,288417100
7/1/1998,29.38702,31.049679,28.225161,28.665865,14.242621,325799200
8/1/1998,28.42548,29.467148,25.641026,25.641026,12.872219,356926600
9/1/1998,25.961538,27.223558,23.277243,25.500801,12.801822,521432300
10/1/1998,25.020033,28.50561,22.115385,28.044872,14.239446,526737800
11/1/1998,28.084936,30.328526,27.604166,28.966347,14.707312,256849400
12/1/1998,28.705929,33.313301,27.624199,32.692307,16.599125,304079400
1/1/1999,32.491985,33.653847,30.148237,33.613781,17.252312,306723600
2/1/1999,33.633816,33.633816,30.689102,32.151443,16.501766,285537400
3/1/1999,32.091347,36.598557,31.270033,35.45673,18.198214,380656000
4/1/1999,35.576923,37.640224,32.21154,33.77404,17.528454,359041900
5/1/1999,33.794071,35.817307,32.131409,32.592148,16.915066,328892400
6/1/1999,32.732372,36.217949,31.991186,36.217949,18.796829,306074200
7/1/1999,35.917469,38.46154,34.835735,34.935898,18.131447,293181800
8/1/1999,34.635418,38.361378,32.872597,35.997597,18.86532,284814500
9/1/1999,36.137821,39.262821,35.697117,38.000801,19.915154,308777500
10/1/1999,37.780449,43.689903,36.738781,43.429485,22.96925,386124700
11/1/1999,42.828526,45.292469,41.085735,41.70673,22.058113,289374000
12/1/1999,41.746796,51.121796,41.686699,49.599358,26.232414,405731500
1/1/2000,49.03846,49.659454,42.648235,42.948719,22.90066,437599100
2/1/2000,43.028847,45.873398,40.044071,42.427883,22.622934,463338700
3/1/2000,42.78846,52.844551,40.464745,49.879807,26.596373,585202800
4/1/2000,49.759617,53.826122,45.853367,50.400642,27.123095,419881100
5/1/2000,50.96154,53.064903,46.875,50.60096,27.230894,313328200
6/1/2000,50.060097,51.923077,46.09375,50.96154,27.424938,274341000
7/1/2000,50.48077,52.64423,47.596153,49.69952,26.745785,255916000
8/1/2000,49.939903,58.173077,49.21875,56.370193,30.418777,264111500
9/1/2000,56.971153,57.752403,52.884617,55.588943,29.997196,243150600
10/1/2000,55.76923,57.63221,47.115383,52.704327,28.509279,446200700
11/1/2000,52.64423,53.125,46.09375,47.65625,25.778616,296256600
12/1/2000,48.91827,54.026443,45.372597,46.09375,24.933428,343316200
1/1/2001,44.951923,46.875,40.985577,44.21154,23.996264,509507300
2/1/2001,44.71154,46.58654,43.28846,44.71154,24.267641,376588500
3/1/2001,43.75,44.807693,35.01923,40.25,21.846087,670869900
4/1/2001,39.923077,48.08654,37.53846,46.66346,25.421974,445641600
5/1/2001,46.201923,51.490383,45.682693,47.115383,25.668163,373105600
6/1/2001,47.10577,50.58654,44.48077,47.115383,25.668163,590053600
7/1/2001,47.03846,48.26923,41.33654,41.826923,22.787056,423263100
8/1/2001,41.346153,41.85577,38.307693,39.326923,21.497322,384656800
9/1/2001,39.326923,40.548077,27.403847,35.76923,19.552574,631395600
10/1/2001,35.865383,37.971153,34.653847,35.009617,19.227472,450944800
11/1/2001,34.85577,40.173077,34.66346,37.01923,20.331163,346182200
12/1/2001,36.923077,39.798077,34.817307,38.53846,21.165531,465474600
1/1/2002,38.75,39.75,33.16346,35.721153,19.709234,506759900
2/1/2002,35.48077,38.125,33.384617,37.01923,20.425453,471888000
3/1/2002,37.596153,40.23077,35.41346,35.96154,19.93819,517116700
4/1/2002,35.625,36.346153,28.990385,30.336538,16.819525,670374800
5/1/2002,30.528847,32.16346,29.23077,29.942308,16.600946,523440800
6/1/2002,29.942308,30.192308,26.365385,27.932692,15.486754,589647200
7/1/2002,27.942308,30.961538,22.134615,30.961538,17.277964,860177100
8/1/2002,30.865385,31.711538,27.182692,28.990385,16.177961,586263200
9/1/2002,28.365385,28.557692,22.60577,23.701923,13.226759,610348800
10/1/2002,23.798077,26.163462,20.576923,24.278847,13.647345,787585800
11/1/2002,24.307692,26.346153,22.307692,26.076923,14.658057,587123600
12/1/2002,26.903847,26.903847,23.173077,23.413462,13.160907,426151900
1/1/2003,23.701923,25.25,21.586538,22.25,12.605367,480280700
2/1/2003,22.451923,23.26923,20.48077,23.125,13.101085,441222500
3/1/2003,23.26923,26.923077,22.26923,24.51923,14.006375,544729900
4/1/2003,24.567308,28.634615,24.51923,28.317308,16.175987,440146700
5/1/2003,28.317308,28.317308,26.298077,27.596153,15.76405,400446000
6/1/2003,28.288462,30.442308,27.432692,27.576923,15.753057,432651000
7/1/2003,27.384615,28.365385,25.865385,27.346153,15.72744,481438300
8/1/2003,27.115385,29.221153,26.134615,28.432692,16.352337,349947400
9/1/2003,28.60577,31.173077,28.182692,28.663462,16.485065,440307700
10/1/2003,28.663462,30.096153,26.923077,27.89423,16.146214,496579400
11/1/2003,27.932692,28.798077,26.317308,27.567308,15.956978,427345400
12/1/2003,28.076923,30.086538,27.673077,29.788462,17.242662,445676600
1/1/2004,29.807692,33.240383,29.73077,32.33654,18.845181,462477100
2/1/2004,32.39423,32.682693,31.10577,31.26923,18.223169,352323500
3/1/2004,31.432692,32.192307,27.76923,29.346153,17.211014,911186100
4/1/2004,29.25,30.625,28.653847,28.798077,16.889578,676271200
5/1/2004,28.961538,30.259615,28.413462,29.923077,17.549372,412388300
6/1/2004,29.807692,32.201923,29.634615,31.153847,18.271198,600812700
7/1/2004,31.153847,32.326923,30.288462,31.971153,18.867966,470859000
8/1/2004,31.39423,32.067307,30.211538,31.528847,18.60693,338713000
9/1/2004,31.528847,33.201923,31.365385,32.28846,19.05522,373926900
10/1/2004,32.403847,33.076923,31.39423,32.807693,19.481079,332352100
11/1/2004,32.78846,35.442307,32.509617,34,20.189066,378319200
12/1/2004,34,36.298077,33.91346,35.096153,20.839951,416466600
1/1/2005,35.298077,35.471153,33.60577,34.740383,20.75647,395669100
2/1/2005,34.615383,35.201923,33.701923,33.846153,20.222191,323420600
3/1/2005,33.91346,35.076923,33.71154,34.673077,20.851515,410869000
4/1/2005,34.78846,35.192307,33.673077,34.807693,20.93248,446105500
5/1/2005,34.692307,35.903847,34.192307,35.076923,21.094379,351463100
6/1/2005,35.076923,35.701923,32.83654,33.317307,20.03619,521714800
7/1/2005,33.509617,34.403847,32.625,33.173077,20.078066,451483600
8/1/2005,33.240383,33.28846,31.586538,32.317307,19.560102,429896100
9/1/2005,32.14423,33.25,31.73077,32.375,19.595024,476775800
10/1/2005,32.307693,33.173077,31.413462,32.60577,19.870207,489091900
11/1/2005,32.66346,34.942307,32.221153,34.346153,20.930815,460126800
12/1/2005,34.471153,34.865383,33.60577,33.701923,20.53821,474111900
1/1/2006,33.75,34.259617,31.375,31.490385,19.332794,685617200
2/1/2006,31.403847,32.451923,30.971153,31.60577,19.403633,503747700
3/1/2006,31.701923,33.653847,31.326923,33.442307,20.691055,595460100
4/1/2006,33.451923,33.64423,31.798077,33.259617,20.578024,496437000
5/1/2006,33.307693,33.884617,32.403847,32.942307,20.381701,522429400
6/1/2006,32.98077,33.576923,31.51923,31.692308,19.608315,596767900
7/1/2006,31.826923,32.326923,30.826923,31.432692,19.599028,494461900
8/1/2006,31.39423,33.115383,30.961538,32.75,20.420404,423191200
9/1/2006,32.865383,34.278847,32.46154,33.942307,21.163834,478648800
10/1/2006,34.03846,35.076923,33.576923,33.759617,21.207363,578636300
11/1/2006,33.846153,34.884617,33.28846,33.923077,21.310061,480213600
12/1/2006,34.01923,37.009617,33.615383,35.778847,22.475834,672695900
1/1/2007,35.971153,36.807693,34.384617,34.66346,21.94264,676727300
2/1/2007,34.78846,35.096153,33.173077,33.567307,21.248758,630923200
3/1/2007,33.278847,34.615383,32.596153,34,21.698622,822411600
4/1/2007,34,35.807693,33.221153,35.442307,22.619089,814446500
5/1/2007,35.403847,36.35577,35.048077,36.134617,23.060923,689247600
6/1/2007,36.23077,38.240383,35.240383,36.807693,23.490475,911427700
7/1/2007,36.942307,39.403847,36.278847,37.26923,23.963636,909203600
8/1/2007,37.115383,38.903847,34.807693,37.375,24.031639,1084130800
9/1/2007,37.346153,40.451923,36.971153,39.807693,25.595837,708640500
10/1/2007,39.692307,40.528847,37.884617,39.576923,25.626095,751814900
11/1/2007,39.317307,39.403847,35.115383,36.817307,23.839252,930516600
12/1/2007,36.73077,36.73077,34.682693,35.64423,23.079683,867982300
1/1/2008,35.673077,36.009617,31.653847,34,22.21085,1146130600
2/1/2008,34.221153,34.903847,31.817308,31.865385,20.816385,881801600
3/1/2008,32.057693,36.28846,30.432692,35.58654,23.46747,1203853300
4/1/2008,35.923077,37.03846,30.336538,31.442308,20.734566,1433414700
5/1/2008,31.538462,32.326923,29.048077,29.538462,19.479076,1102238000
6/1/2008,29.567308,29.942308,25.14423,25.663462,16.923719,1561592500
7/1/2008,25.403847,28.740385,24.615385,27.201923,18.145632,1543294600
8/1/2008,27.336538,29.221153,26.692308,27.01923,18.023762,903357000
9/1/2008,27.442308,28.153847,21.307692,24.51923,16.356083,2230986600
10/1/2008,23.076923,24.759615,16.60577,18.759615,12.688909,3842833900
11/1/2008,19.01923,20.23077,12.096154,16.509615,11.167017,2603103800
12/1/2008,15.730769,18.557692,14.759615,15.576923,10.53615,2195174500
1/1/2009,15.875,16.576923,11.413462,11.663462,8.047009,2335378300
2/1/2009,11.567307,12.403846,8.076923,8.182693,5.64551,3518258200
3/1/2009,7.971154,10.913462,5.644231,9.721154,6.912146,6209735300
4/1/2009,9.528846,12.317307,9.423077,12.163462,8.648729,2797689300
5/1/2009,12.25,13.990385,11.75,12.961538,9.216195,2086752700
6/1/2009,13.288462,13.451923,10.817307,11.269231,8.012894,1905305100
7/1/2009,11.307693,12.932693,10.096154,12.884615,9.239944,2191918900
8/1/2009,13.125,14.307693,12.653846,13.365385,9.584718,1819741800
9/1/2009,13.211538,16.846153,12.528846,15.788462,11.322378,2767473800
10/1/2009,15.682693,16.221153,13.605769,13.711538,9.89348,2221762100
11/1/2009,13.75,15.625,13.605769,15.403846,11.114557,1599952200
12/1/2009,15.644231,15.855769,14.548077,14.548077,10.497079,1382646600
1/1/2010,14.634615,16.26923,14.567307,15.461538,11.231638,1667260200
2/1/2010,15.576923,16.375,14.663462,15.442307,11.217672,1464722600
3/1/2010,15.480769,18.211538,15.221154,17.5,12.794979,2163150900
4/1/2010,17.567308,18.942308,17.48077,18.134615,13.25897,1685294000
5/1/2010,18.240385,18.596153,14.567307,15.721154,11.494389,2143050900
6/1/2010,15.615385,15.875,13.721154,13.865385,10.137559,1830622900
7/1/2010,13.778846,15.932693,13.221154,15.5,11.407547,1588523500
8/1/2010,15.692307,15.903846,13.701923,13.923077,10.246974,1325344900
9/1/2010,14.163462,16.057692,14.038462,15.625,11.499543,1258881900
10/1/2010,15.769231,16.817308,15.269231,15.403846,11.424033,1372825400
11/1/2010,15.471154,16.211538,15.028846,15.221154,11.288545,1153616800
12/1/2010,15.413462,17.778847,15.413462,17.586538,13.042794,1279012600
1/1/2011,17.778847,19.942308,17.423077,19.365385,14.479829,1535600500
2/1/2011,19.596153,20.817308,19.307692,20.115385,15.040619,1000860200
3/1/2011,20.307692,20.35577,17.884615,19.278847,14.518902,1486251000
4/1/2011,19.365385,20.048077,18.759615,19.663462,14.808551,1127043500
5/1/2011,19.903847,19.913462,18.240385,18.884615,14.222004,947385100
6/1/2011,18.721153,18.846153,17.278847,18.134615,13.657176,1187577100
7/1/2011,18.134615,18.778847,17.096153,17.221153,13.080213,1109004000
8/1/2011,17.682692,17.711538,14.25,15.682693,11.911681,2169322100
9/1/2011,15.682693,15.817307,14.153846,14.634615,11.115621,1847173400
10/1/2011,14.519231,16.826923,13.480769,16.067308,12.325584,1494697600
11/1/2011,15.509615,16.048077,14.115385,15.298077,11.735491,1304060100
12/1/2011,15.278846,17.576923,15.125,17.221153,13.210727,1569653600
1/1/2012,17.528847,18.528847,17.528847,17.990385,13.940143,1021959100
2/1/2012,18.211538,18.75,17.98077,18.317308,14.193467,992167300
3/1/2012,18.413462,20.192308,17.615385,19.298077,15.091032,1106743400
4/1/2012,19.259615,19.336538,17.98077,18.826923,14.722587,876320900
5/1/2012,18.826923,19.182692,17.615385,18.35577,14.354147,1002990100
6/1/2012,18.096153,20.038462,17.326923,20.038462,15.670011,1298268500
7/1/2012,19.942308,20.192308,18.615385,19.951923,15.784811,1087891900
8/1/2012,20.057692,20.375,19.423077,19.913462,15.754389,725445400
9/1/2012,19.836538,22.076923,19.692308,21.836538,17.27581,1055572700
10/1/2012,21.85577,22.288462,20.163462,20.25,16.147913,946772400
11/1/2012,20.221153,20.942308,19.10577,20.317308,16.201588,864104200
12/1/2012,20.365385,21.10577,19.48077,20.182692,16.094244,939759900
1/1/2013,20.682692,21.711538,19.884615,21.423077,17.245556,957519100
2/1/2013,21.567308,22.836538,21.413462,22.326923,17.973154,796509600
3/1/2013,22.134615,22.98077,21.971153,22.23077,18.04809,713413800
4/1/2013,22.14423,22.807692,20.298077,21.432692,17.400169,1005021400
5/1/2013,21.25,23.201923,21.25,22.423077,18.204214,877841500
6/1/2013,22.471153,23.509615,21.884615,22.298077,18.102734,910375400
7/1/2013,22.317308,23.990385,21.884615,23.432692,19.181936,825043600
8/1/2013,23.653847,23.913462,22.153847,22.25,18.213785,676714100
9/1/2013,22.413462,23.951923,22.038462,22.971153,18.804117,769100100
10/1/2013,23.01923,25.461538,22.596153,25.134615,20.739979,931985500
11/1/2013,25.048077,26.442308,25.028847,25.634615,21.152555,743708600
12/1/2013,25.625,27.009615,25.192308,26.951923,22.239542,772254100
1/1/2014,26.788462,26.865385,23.942308,24.163462,20.106459,960472500
2/1/2014,24.163462,25.038462,23.384615,24.490385,20.378492,701787700
3/1/2014,24.240385,25.336538,23.961538,24.89423,20.902824,709441900
4/1/2014,24.836538,25.865385,24.451923,25.85577,21.710194,684514300
5/1/2014,25.701923,25.923077,25.14423,25.759615,21.629459,458718000
6/1/2014,25.682692,26.471153,25.192308,25.26923,21.217697,584182500
7/1/2014,25.259615,26.10577,24.182692,24.182692,20.479624,758477900
8/1/2014,24.10577,25.432692,23.798077,24.98077,21.155493,566912000
9/1/2014,24.89423,25.384615,24.326923,24.634615,20.862343,574931800
10/1/2014,24.451923,24.932692,22.778847,24.817308,21.201719,847798000
11/1/2014,24.509615,26.057692,24.5,25.471153,21.760307,537243200
12/1/2014,25.153847,25.451923,23.134615,24.298077,20.758141,901648300
1/1/2015,24.365385,24.48077,22.509615,22.971153,19.816748,931031400
2/1/2015,23.076923,25.259615,22.98077,24.990385,21.558697,693098600
3/1/2015,24.884615,25.115385,23.721153,23.85577,20.776716,773643800
4/1/2015,23.76923,27.576923,23.625,26.038462,22.677689,1434839800
5/1/2015,26.048077,26.721153,25.586538,26.221153,22.836798,662686500
6/1/2015,26.211538,26.615385,25.509615,25.548077,22.250597,722745600
7/1/2015,25.64423,26.278847,24.538462,25.096153,22.050417,641549800
8/1/2015,25.115385,25.317308,18.625,25.01,21.974722,951574900
9/1/2015,23.307692,25.028847,22.76923,24.25,21.306955,963178100
10/1/2015,24.182692,28.682692,23.836538,27.807692,24.660364,1538722500
11/1/2015,27.826923,29.798077,27.76923,28.788462,25.53013,3414810800
12/1/2015,28.836538,30.278847,28.625,29.951923,26.561903,1155912400
1/1/2016,29.375,29.653847,26.423077,27.98077,25.006935,1198396300
2/1/2016,27.89423,28.471153,26.057692,28.01923,25.041307,889059100
3/1/2016,28.278847,30.817308,28.182692,30.567308,27.546095,761876200
4/1/2016,30.288462,30.788462,29.14423,29.567308,26.64493,670640800
5/1/2016,29.461538,29.798077,27.942308,29.067308,26.194349,631379500
6/1/2016,28.884615,30.288462,28.048077,30.26923,27.277473,900085800
7/1/2016,30.26923,31.73077,29.884615,29.942308,27.195522,798219800
8/1/2016,29.923077,30.35577,29.807692,30.038462,27.282856,558557300
9/1/2016,29.951923,30.240385,28.26923,28.48077,25.868061,766610700
10/1/2016,28.326923,28.60577,27.240385,27.98077,25.62027,720964600
11/1/2016,27.884615,30.278847,27.10577,29.576923,27.081772,739994900
12/1/2016,29.461538,31.134615,29.442308,30.384615,27.821323,662308700
1/1/2017,30.451923,30.615385,28.365385,28.557692,26.353247,686170200
2/1/2017,28.586538,29.413462,28.134615,28.663462,26.450853,548190600
3/1/2017,28.826923,29.259615,28.125,28.653847,26.661386,721491500
4/1/2017,28.615385,29.365385,27.817308,27.875,25.936703,598109000
5/1/2017,27.89423,28.182692,26.057692,26.326923,24.496271,785368100
6/1/2017,26.451923,28.336538,25.759615,25.971153,24.165239,1007196600
7/1/2017,26.115385,26.528847,24.288462,24.625,23.314861,846522100
8/1/2017,24.64423,24.89423,23.221153,23.60577,22.349861,715953000
9/1/2017,23.653847,24.326923,22.673077,23.25,22.01302,1000869500
10/1/2017,23.288462,23.932692,19.278847,19.384615,18.544075,1882884600
11/1/2017,19.298077,19.951923,16.788462,17.586538,16.823965,1942641300
12/1/2017,17.576923,17.576923,16.586538,16.778847,16.051296,1285169000
1/1/2018,16.903847,18.64423,15.192307,15.548077,15.086743,2441211500
2/1/2018,15.442307,15.490385,13.413462,13.567307,13.164747,1769798900
3/1/2018,13.615385,14.740385,12.240385,12.961538,12.685237,1836930900
4/1/2018,12.932693,14.471154,12.298077,13.528846,13.24045,1547246800
5/1/2018,13.538462,14.990385,13.240385,13.538462,13.249862,1309613700
6/1/2018,13.557693,13.884615,12.125,13.086538,12.807572,1678894500
7/1/2018,12.961538,13.740385,12.355769,13.105769,12.944832,1316840100
8/1/2018,13.028846,13.028846,11.480769,12.442307,12.289517,1112347600
9/1/2018,12.384615,12.490385,10.778846,10.855769,10.722462,1360938600
10/1/2018,12.519231,13.25,9.423077,9.711538,9.687403,2983940200
11/1/2018,9.625,9.836538,6.980769,7.211538,7.193616,3479784300
12/1/2018,7.25,7.644231,6.403846,7.278846,7.260756,2683469200
1/1/2019,7.173077,10.355769,7.125,9.769231,9.758893,2491165800
2/1/2019,9.807693,11.298077,9.173077,10.39,10.379005,1926857400
3/1/2019,10.45,10.57,9.05,9.99,9.979428,1933931400
4/1/2019,10.02,10.53,8.79,10.17,10.17,1438883100
5/1/2019,10.15,10.42,10.09,10.1,10.1,99304300
